{
    "Triggers": [
        {
            "Data": {
                "TriggerType": "OpenPanel",
                "PanelName": "BattlePanel"
            }
        }
    ],
    "CompleteConditions": [
        {
            "Data": {
                "ConditionType": "GuideCompleted",
                "GuideName": "P1_001"
            }
        }
    ],
    "Preconditions":[
        {
            "Data": {
                "ConditionType": "GuideCompleted",
                "GuideName": "P0_002"
            }
        }
    ],
    "DoData": [
        {
            "Data": {
                "DoType": "HideUIObject",
                "Panel": "BattlePanel",
                "Objects": "[\"BattlePanel/FristLayerPanel/FunctionArec/BtnOption\"]",
                "Summary": "隐藏战斗面板设置按钮"
            }
        }
    ]
}