{
    "Triggers": [
        {
            "Data": {
                "TriggerType": "PassingNode",
                "Nodes": "[{\"MapId\":1001,\"NodeId\":9040}]"
            }
        }
    ],
    "CompleteConditions": [
        {
            "Data": {
                "ConditionType": "GuideCompleted",
                "GuideName": "Guide014"
            }
        }
    ],
    "Preconditions":[
        {
            "Data": {
                "ConditionType": "GuideCompleted",
                "GuideName": "Guide003"
            }
        }
    ],
    "DoData": [
        {
            "Data": {
                "DoType": "PlayAVG",
                "Name": "DNAVG_02"
            }
        }
    ]
}