{
    "Triggers": [
        {
            "Data": {
                "TriggerType": "LoginSuccess"
            }
        },
        {
            "Data": {
                "TriggerType": "GuideCompleted",
                "GuideName": "Guide000.1"
            }
        }
    ],
    "CompleteConditions": [
        {
            "Data": {
                "ConditionType": "SimpleValue",
                "Value": "False"
            }
        }
    ],
    "Preconditions":[
        {
            "Data": {
                "ConditionType": "GuideCompleted",
                "GuideName": "Guide000.1"
            }
        }
    ],
    "DoData": [
        {
            "Data": {
                "DoType": "EnterGame"
            }
        }
    ]
}