{
    "Triggers": [
        {
            "Data": {
                "TriggerType": "OpenArea",
                "MapId": "1001",
                "AreaId":"3"
            }
        }
    ],
    "CompleteConditions": [
        {
            "Data": {
                "ConditionType": "GuideCompleted",
                "GuideName": "Guide015"
            }
        }
    ],
    "Preconditions":[
        {
            "Data": {
                "ConditionType": "GuideCompleted",
                "GuideName": "Guide013"
            }
        }
    ],
    "DoData": [
        {
            "Data": {
                "DoType": "HideNodeElement",
                "NodeIds":"[9649,9349,9046,9045,9198,9494,15909,15906]"
            }
        },
        {
            "Data": {
                "DoType": "DisableNodeEvent",
                "NodeIds":"[9198,9494,15909,15906]"
            }
        },
        {
            "Data": {
                "DoType": "SetCanWalk",
                "NodeIds":"[9198,9494,15909,15906]",
                "CanWalk":"True"
            }
        }
    ]
}