{
    "Triggers": [
        {
            "Data": {
                "TriggerType": "OpenArea",
                "MapId": "1001",
                "AreaId":"3"
            }
        }
    ],
    "CompleteConditions": [
        {
            "Data": {
                "ConditionType": "GuideCompleted",
                "GuideName": "Guide007"
            }
        }
    ],
    "Preconditions":[
        {
            "Data": {
                "ConditionType": "GuideCompleted",
                "GuideName": "Guide006"
            }
        }
    ],
    "DoData": [
        {
            "Data": {
                "DoType": "HideNodeElement",
                "NodeIds":"[9500,15470,9046,9045,9198,9797,15909,15911]"
            }
        },
        {
            "Data": {
                "DoType": "DisableNodeEvent",
                "NodeIds":"[9350,9500,9650,15470,9198,9797,15909,15911]"
            }
        },
        {
            "Data": {
                "DoType": "SetCanWalk",
                "NodeIds":"[9349,9650,9500,9350,15470]",
                "CanWalk":"False"
            }
        },
        {
            "Data": {
                "DoType": "SetCanWalk",
                "NodeIds":"[9198,9797,15909,15911]",
                "CanWalk":"True"
            }
        }
    ]
}