{
    "Triggers": [
        {
            "Data": {
                "TriggerType": "OpenArea",
                "MapId": "1001",
                "AreaId":"9"
            }
        }
    ],
    "CompleteConditions": [
        {
            "Data": {
                "ConditionType": "GuideCompleted",
                "GuideName": "Guide015"
            }
        }
    ],
    "Preconditions":[
        {
            "Data": {
                "ConditionType": "GuideCompleted",
                "GuideName": "Guide013"
            }
        }
    ],
    "DoData": [
        {
            "Data": {
                "DoType": "HideNodeElement",
                "NodeIds":"[7924,8075]"
            }
        },
        {
            "Data": {
                "DoType": "DisableNodeEvent",
                "NodeIds":"[7924,8075]"
            }
        },
        {
            "Data": {
                "DoType": "SetCanWalk",
                "NodeIds":"[7924,8075]",
                "CanWalk":"True"
            }
        }
    ]
}