{
    "Triggers": [
        {
            "Data": {
                "TriggerType": "ArrivalNode",
                "Nodes": "[{\"MapId\":1001,\"NodeId\":9499}]"
            }
        }
    ],
    "CompleteConditions": [
        {
            "Data": {
                "ConditionType": "GuideCompleted",
                "GuideName": "Guide009"
            }
        }
    ],
    "Preconditions":[
        {
            "Data": {
                "ConditionType": "GuideCompleted",
                "GuideName": "Guide006"
            }
        }
    ],
    "DoData": [
        {
            "Data": {
                "DoType": "PlayAVG",
                "Name": "DNAVG_03"
            }
        }
    ]
}