{
    "Triggers": [
        {
            "Data": {
                "TriggerType": "OpenArea",
                "MapId": "1001",
                "AreaId":"1"
            }
        }
    ],
    "CompleteConditions": [
        {
            "Data": {
                "ConditionType": "GuideCompleted",
                "GuideName": "Guide009.5"
            }
        }
    ],
    "Preconditions":[
        {
            "Data": {
                "ConditionType": "GuideCompleted",
                "GuideName": "Guide009"
            }
        }
    ],
    "DoData": [
        {
            "Data": {
                "DoType": "HideNodeElement",
                "NodeIds":"[9514,8023,8022,8021,8780,9080,15067,9669,9519,9219,9518,8317,8615,8765,10875,10724,10273,8324,9228,10419,9829,9529,9975,8618,8468,8469,8628,9979,10727,10566,8326,9520]"
            }
        },
        {
            "Data": {
                "DoType": "DisableNodeEvent",
                "NodeIds":"[8023,8022,8021,8020,8780,8930,9080,14853,15067,15295,11023,11022,11021,11020,9669,9519,9219,9518,8317,8615,8765,10875,10724,10273,8324,9228,10419,9829,9529,9975,10717,10716,8326,9372,9371,9370,9522,9521,9520,9672,9671,9670]"
            }
        },
        {
            "Data": {
                "DoType": "SetCanWalk",
                "NodeIds":"[8173,8172,8171,8170,8780,8930,9080,14847,15061,15289,11023,11022,11021,11020]",
                "CanWalk":"False"
            }
        },
        {
            "Data": {
                "DoType": "SetCanWalk",
                "NodeIds":"[9669,9519,9219,9518,8317,8615,8765,10875,10724,10273,8324,9228,10419,9829,9529,9975]",
                "CanWalk":"True"
            }
        }
    ]
}