{
    "Triggers": [
        {
            "Data": {
                "TriggerType": "PassingNode",
                "Nodes": "[{\"MapId\":1001,\"NodeId\":9624}]"
            }
        }
    ],
    "CompleteConditions": [
        {
            "Data": {
                "ConditionType": "GuideCompleted",
                "GuideName": "Guide006"
            }
        }
    ],
    "Preconditions":[
        {
            "Data": {
                "ConditionType": "GuideCompleted",
                "GuideName": "Guide003"
            }
        }
    ],
    "DoData": [
        {
            "Data": {
                "DoType": "PlayAVG",
                "Name": "DNAVG_01"
            }
        }
    ]
}