{
    "Triggers": [
        {
            "Data": {
                "TriggerType": "OpenArea",
                "MapId": "1001",
                "AreaId":"1"
            }
        }
    ],
    "CompleteConditions": [
        {
            "Data": {
                "ConditionType": "GuideCompleted",
                "GuideName": "Guide012"
            }
        }
    ],
    "Preconditions":[
        {
            "Data": {
                "ConditionType": "GuideCompleted",
                "GuideName": "Guide011"
            }
        }
    ],
    "DoData": [
        {
            "Data": {
                "DoType": "HideNodeElement",
                "NodeIds":"[9514,8023,8022,8021,8930,15067,9369,9669,9219,9518,8917,8615,8765,10877,10724,10273,8325,9228,10419,9679,9529,9975,8618,8468,8469,8628,9979,10727,8326]"
            }
        },
        {
            "Data": {
                "DoType": "DisableNodeEvent",
                "NodeIds":"[8023,8022,8021,8020,14853,15067,15295,11023,11022,11021,11020,9369,9669,9219,9518,8917,8615,8765,10877,10724,10273,8325,9228,10419,9679,9529,9975,8326]"
            }
        },
        {
            "Data": {
                "DoType": "SetCanWalk",
                "NodeIds":"[8173,8172,8171,8170,14847,15061,15289,11023,11022,11021,11020]",
                "CanWalk":"False"
            }
        },
        {
            "Data": {
                "DoType": "SetCanWalk",
                "NodeIds":"[9369,9669,9219,9518,8917,8615,8765,10877,10724,10273,8325,9228,10419,9679,9529,9975]",
                "CanWalk":"True"
            }
        }
    ]
}