{
    "GuideName":"Guide010",
    "Triggers": [
        {
            "Data": {
                "TriggerType": "OpenPanel",
                "PanelName": "MainPanel"
            }
        },
        {
            "Data": {
                "TriggerType": "GuideCompleted",
                "GuideName": "Guide009.5"
            }
        }
    ],
    "Preconditions":[
        {
            "Data": {
                "ConditionType": "GuideCompleted",
                "GuideName": "Guide009.5"
            }
        }
    ],
    "NodeData": [
        {
            "IsClickToNext": false,
            "IsAutoToNext": true,
            "DoData": [
                {
                    "Data": {
                        "DoType": "SetMaskAlpha",
                        "Alpha": "1.0"
                    }
                },
                {
                    "Data": {
                        "DoType": "Teleport",
                        "MapId": "1001",
                        "NodeId": "10567"
                    }
                },
                {
                    "Data": {
                        "DoType": "Await",
                        "WaitTime": "1"
                    }
                }
            ]
        },
        {
            "IsClickToNext": false,
            "IsAutoToNext": true,
            "DoData": [
                {
                    "Data": {
                        "DoType": "HideMask"
                    }
                },
                {
                    "Data": {
                        "DoType": "SetMaskAlpha",
                        "Alpha": "0.8"
                    }
                },
                {
                    "Data": {
                        "DoType": "HideUIObject",
                        "Panel": "MainPanel",
                        "Objects": "[\"Teleport\",\"ChatImage\"]"
                    }
                },
                {
                    "Data": {
                        "DoType": "HideUIObject",
                        "Panel": "PlayerPropertyPanel",
                        "Objects": "[\"Parent\"]"
                    }
                },
                {
                    "Data": {
                        "DoType": "HideNodeElement",
                        "NodeIds":"[9514,8023,8022,8021,8930,15067,9369,9519,9219,9518,8917,8615,8765,10877,10724,10273,8325,9228,10419,9679,9529,9975,8618,8468,8469,8628,9979,10727,8326,9520]"
                    }
                },
                {
                    "Data": {
                        "DoType": "DisableNodeEvent",
                        "NodeIds":"[8023,8022,8021,8020,14853,15067,15295,11023,11022,11021,11020,9369,9519,9219,9518,8917,8615,8765,10877,10724,10273,8325,9228,10419,9679,9529,9975,8326,9372,9371,9370,9522,9521,9520,9672,9671,9670]"
                    }
                },
                {
                    "Data": {
                        "DoType": "SetCanWalk",
                        "NodeIds":"[8173,8172,8171,8170,14847,15061,15289,11023,11022,11021,11020]",
                        "CanWalk":"False"
                    }
                },
                {
                    "Data": {
                        "DoType": "SetCanWalk",
                        "NodeIds":"[9369,9519,9219,9518,8917,8615,8765,10877,10724,10273,8325,9228,10419,9679,9529,9975]",
                        "CanWalk":"True"
                    }
                },
                {
                    "Data": {
                        "DoType": "SetMapActive",
                        "Active": "True"
                    }
                },
                {
                    "Data": {
                        "DoType": "WaitAreaOpen",
                        "MapId":"1002",
                        "AreaId":"1"
                    }
                }
            ]
        },
        {
            "IsClickToNext": false,
            "IsAutoToNext": true,
            "DoData": [
                {
                    "Data": {
                        "DoType": "SetMapActive",
                        "Active":"False"
                    }
                },
                {
                    "Data": {
                        "DoType": "HideNodeElement",
                        "NodeIds":"[1078,773,1223]"
                    }
                },
                {
                    "Data": {
                        "DoType": "DisableNodeEvent",
                        "NodeIds":"[1078,1273]"
                    }
                },
                {
                    "Data": {
                        "DoType": "DestroyNPC",
                        "NPCId":"102"
                    }
                },
                {
                    "Data": {
                        "DoType": "DestroyNPC",
                        "NPCId":"103"
                    }
                },
                {
                    "Data": {
                        "DoType": "DestroyNPC",
                        "NPCId":"104"
                    }
                },
                {
                    "Data": {
                        "DoType": "DestroyNPC",
                        "NPCId":"105"
                    }
                },
                {
                    "Data": {
                        "DoType": "LoadNpc",
                        "NPCInfo":"{\"NpcId\":102, \"MapId\":1002, \"Area\":1, \"MinX\":21, \"MaxX\":21, \"MinY\":23, \"MaxY\":23, \"CanMove\":false}"
                    }
                },
                {
                    "Data": {
                        "DoType": "LoadNpc",
                        "NPCInfo":"{\"NpcId\":103, \"MapId\":1002, \"Area\":1, \"MinX\":21, \"MaxX\":21, \"MinY\":21, \"MaxY\":21, \"CanMove\":false}"
                    }
                },
                {
                    "Data": {
                        "DoType": "Await",
                        "WaitTime":"2"
                    }
                }
            ]
        },
        {
            "IsClickToNext": false,
            "IsAutoToNext": false,
            "DoData": [
                {
                    "Data": {
                        "DoType": "PlayAVG",
                        "Name":"NewGuideAVG_14",
                        "AVG配置备注": "此处应配置AVG-NewGuideAVG_14"
                    }
                }
            ]
        },
        {
            "IsClickToNext": false,
            "IsAutoToNext": false,
            "DoData": [
                {
                    "Data": {
                        "DoType": "ShowSingleEffect",
                        "EffectName": "FeatureUnlocked",
                        "OverridElements": "{\"TxtTips\":\"『职阶强化』 已开放\"}"                        
                    }
                }
            ]
        },
        {
            "IsClickToNext": false,
            "IsAutoToNext": true,
            "DoData": [
                {
                    "Data": {
                        "DoType": "ShowNodeElement",
                        "NodeIds":"[773]"
                    }
                },
                {
                    "Data": {
                        "DoType": "Await",
                        "WaitTime":"1"
                    }
                }
            ]
        },
        {
            "IsClickToNext": false,
            "IsAutoToNext": false,
            "DoData": [
                {
                    "Data": {
                        "DoType": "PlayAVG",
                        "Name":"0-30",
                        "AVG配置备注": "此处应配置AVG-0-30"
                    }
                }
            ]
        },
        {
            "IsClickToNext": false,
            "IsAutoToNext": false,
            "DoData": [
                {
                    "Data": {
                        "DoType": "ShowSingleEffect",
                        "EffectName": "FeatureUnlocked",
                        "OverridElements": "{\"TxtTips\":\"凯特·朵『持有者』 已觉醒\"}"                        
                    }
                }
            ]
        },
        {
            "IsClickToNext": false,
            "IsAutoToNext": true,
            "DoData": [
                {
                    "Data": {
                        "DoType": "DestroyNPC",
                        "NPCId":"102"
                    }
                },
                {
                    "Data": {
                        "DoType": "LoadNpc",
                        "NPCInfo":"{\"NpcId\":102, \"MapId\":1002, \"Area\":1, \"MinX\":29, \"MaxX\":29, \"MinY\":28, \"MaxY\":28, \"CanMove\":false}"
                    }
                },
                {
                    "Data": {
                        "DoType": "Await",
                        "WaitTime":"1"
                    }
                }
            ]
        },
        {
            "IsClickToNext": false,
            "IsAutoToNext": false,
            "DoData": [
                {
                    "Data": {
                        "DoType": "PlayAVG",
                        "Name":"0-31",
                        "AVG配置备注": "此处应配置AVG-0-31"
                    }
                }
            ]
        },
        {
            "IsClickToNext": false,
            "IsAutoToNext": false,
            "DoData": [
                {
                    "Data": {
                        "DoType": "ShowSingleEffect",
                        "EffectName": "FeatureUnlocked",
                        "OverridElements": "{\"TxtTips\":\"盖尔·塞恩提亚『守护者』 已觉醒\"}"                        
                    }
                }
            ]
        },
        {
            "IsClickToNext": false,
            "IsAutoToNext": true,
            "DoData": [
                {
                    "Data": {
                        "DoType": "DestroyNPC",
                        "NPCId":"103"
                    }
                },
                {
                    "Data": {
                        "DoType": "LoadNpc",
                        "NPCInfo":"{\"NpcId\":103, \"MapId\":1002, \"Area\":1, \"MinX\":29, \"MaxX\":29, \"MinY\":16, \"MaxY\":16, \"CanMove\":false}"
                    }
                },
                {
                    "Data": {
                        "DoType": "Await",
                        "WaitTime":"1"
                    }
                }
            ]
        },
        {
            "IsClickToNext": false,
            "IsAutoToNext": true,
            "DoData": [
                {
                    "Data": {
                        "DoType": "SetMaskAlpha",
                        "Alpha": "0.0",
                        "Summary": "将遮罩透明度设置为0.0"
                    }
                },
                {
                    "Data": {
                        "DoType": "ShowMask",
                        "Summary": "显示遮罩"
                    }
                },
                {
                    "Data": {
                        "DoType": "SetMapActive",
                        "Active":"False"
                    }
                },
                {
                    "Data": {
                        "DoType": "SetTips",
                        "Text":"<size=20>源之室内可进行职业的强化，同时与其他角色对话可获取剧情信息</size>",
                        "Position":"0,250",
                        "ShowFrame":"True"
                    }
                },
                {
                    "Data": {
                        "DoType": "Await",
                        "WaitTime":"2"
                    }
                }
            ]
        },
        {
            "IsClickToNext": false,
            "IsAutoToNext": true,
            "DoData": [
                {
                    "Data": {
                        "DoType": "SetTips",
                        "Text":"<size=20>源之室中所存在的巨大剑型装置，其作用即是强化职阶\n接下来请移动到它附近并点击它吧</size>",
                        "Position":"0,250",
                        "ShowFrame":"True"
                    }
                },
                {
                    "Data": {
                        "DoType": "Await",
                        "WaitTime":"2"
                    }
                }
            ]
        },
        {
            "IsClickToNext": false,
            "IsAutoToNext": true,
            "DoData": [
                {
                    "Data": {
                        "DoType": "ClearTips"
                    }
                },
                {
                    "Data": {
                        "DoType": "HideMask"
                    }
                },
                {
                    "Data": {
                        "DoType": "SetMaskAlpha",
                        "Alpha": "0.8"
                    }
                },
                {
                    "Data": {
                        "DoType": "SetMapActive",
                        "Active":"True"
                    }
                },
                {
                    "Data": {
                        "DoType": "WaitPanelOpen",
                        "PanelName":"HeroEvolutionPanel"
                    }
                }
            ]
        },
        {
            "IsClickToNext": false,
            "IsAutoToNext": true,
            "DoData": [
                {
                    "Data": {
                        "DoType": "ShowMask",
                        "Summary": "显示遮罩"
                    }
                },
                {
                    "Data": {
                        "DoType": "SetTips",
                        "Text":"<size=20>职阶强化界面可强化当前主控角色的直接\n每次强化都需要消耗特定的材料与金币\n另外职阶强化有着意志等级的限制</size>",
                        "Position":"0,0",
                        "ShowFrame":"False"
                    }
                },
                {
                    "Data": {
                        "DoType": "Await",
                        "WaitTime":"2"
                    }
                }
            ]
        },
        {
            "IsClickToNext": false,
            "IsAutoToNext": true,
            "DoData": [
                {
                    "Data": {
                        "DoType": "ClearTips"
                    }
                },
                {
                    "Data": {
                        "DoType": "HideMask"
                    }
                },
                {
                    "Data": {
                        "DoType": "WaitPanelClose",
                        "PanelName":"HeroEvolutionPanel"
                    }
                }
            ]
        },
        {
            "IsClickToNext": false,
            "IsAutoToNext": true,
            "DoData": [
                {
                    "Data": {
                        "DoType": "SetMaskAlpha",
                        "Alpha": "0.0",
                        "Summary": "将遮罩透明度设置为0.0"
                    }
                },
                {
                    "Data": {
                        "DoType": "ShowMask",
                        "Summary": "显示遮罩"
                    }
                },
                {
                    "Data": {
                        "DoType": "SetMapActive",
                        "Active":"False"
                    }
                },
                {
                    "Data": {
                        "DoType": "SetTips",
                        "Text":"<size=20>接下来请返回到中央区域吧</size>",
                        "Position":"0,250",
                        "ShowFrame":"True"
                    }
                },
                {
                    "Data": {
                        "DoType": "Await",
                        "WaitTime":"2"
                    }
                }
            ]
        },
        {
            "IsClickToNext": false,
            "IsAutoToNext": true,
            "DoData": [
                {
                    "Data": {
                        "DoType": "ClearTips"
                    }
                },
                {
                    "Data": {
                        "DoType": "HideMask"
                    }
                },
                {
                    "Data": {
                        "DoType": "SetMaskAlpha",
                        "Alpha": "0.8"
                    }
                },
                {
                    "Data": {
                        "DoType": "ShowNodeElement",
                        "NodeIds":"[1223]"
                    }
                },
                {
                    "Data": {
                        "DoType": "EnableNodeEvent",
                        "NodeIds":"[1078,1273]"
                    }
                },
                {
                    "Data": {
                        "DoType": "SetMapActive",
                        "Active":"True"
                    }
                },
                {
                    "Data": {
                        "DoType": "WaitAreaOpen",
                        "MapId":"1001",
                        "AreaId":"1"
                    }
                }
            ]
        },
        {
            "IsClickToNext": false,
            "IsAutoToNext": true,
            "DoData": [
                {
                    "Data": {
                        "DoType": "SetMaskAlpha",
                        "Alpha": "1.0"
                    }
                },
                {
                    "Data": {
                        "DoType": "Teleport",
                        "MapId": "1001",
                        "NodeId": "9821"
                    }
                },
                {
                    "Data": {
                        "DoType": "Await",
                        "WaitTime": "1"
                    }
                }
            ]
        }
    ]
}
