{
    "GuideName":"Guide011",
    "Triggers": [
        {
            "Data": {
                "TriggerType": "OpenPanel",
                "PanelName": "MainPanel"
            }
        },
        {
            "Data": {
                "TriggerType": "GuideCompleted",
                "GuideName": "Guide010"
            }
        }
    ],
    "Preconditions":[
        {
            "Data": {
                "ConditionType": "GuideCompleted",
                "GuideName": "Guide010"
            }
        }
    ],
    "NodeData": [
        {
            "IsClickToNext": false,
            "IsAutoToNext": true,
            "DoData": [
                {
                    "Data": {
                        "DoType": "SetMaskAlpha",
                        "Alpha": "1.0"
                    }
                },
                {
                    "Data": {
                        "DoType": "Teleport",
                        "MapId": "1001",
                        "NodeId": "9821"
                    }
                },
                {
                    "Data": {
                        "DoType": "Await",
                        "WaitTime": "1"
                    }
                }
            ]
        },
        {
            "IsClickToNext": false,
            "IsAutoToNext": true,
            "DoData": [
                {
                    "Data": {
                        "DoType": "HideMask"
                    }
                },
                {
                    "Data": {
                        "DoType": "SetMaskAlpha",
                        "Alpha": "0.8"
                    }
                },
                {
                    "Data": {
                        "DoType": "HideUIObject",
                        "Panel": "MainPanel",
                        "Objects": "[\"Teleport\",\"ChatImage\"]"
                    }
                },
                {
                    "Data": {
                        "DoType": "HideUIObject",
                        "Panel": "PlayerPropertyPanel",
                        "Objects": "[\"Parent\"]"
                    }
                },
                {
                    "Data": {
                        "DoType": "SetMapActive",
                        "Active": "False"
                    }
                },
                {
                    "Data": {
                        "DoType": "HideNodeElement",
                        "NodeIds":"[9514,8023,8022,8021,8930,15067,9369,9519,9219,9518,8917,8615,8765,10877,10724,10273,8325,9228,10419,9679,9529,9975,8618,8468,8469,8628,9979,10727,8326,9520]"
                    }
                },
                {
                    "Data": {
                        "DoType": "DisableNodeEvent",
                        "NodeIds":"[8023,8022,8021,8020,14853,15067,15295,11023,11022,11021,11020,9369,9519,9219,9518,8917,8615,8765,10877,10724,10273,8325,9228,10419,9679,9529,9975,8326,9372,9371,9370,9522,9521,9520,9672,9671,9670]"
                    }
                },
                {
                    "Data": {
                        "DoType": "SetCanWalk",
                        "NodeIds":"[8173,8172,8171,8170,14847,15061,15289,11023,11022,11021,11020]",
                        "CanWalk":"False"
                    }
                },
                {
                    "Data": {
                        "DoType": "SetCanWalk",
                        "NodeIds":"[9369,9519,9219,9518,8917,8615,8765,10877,10724,10273,8325,9228,10419,9679,9529,9975]",
                        "CanWalk":"True"
                    }
                },
                {
                    "Data": {
                        "DoType": "Await",
                        "WaitTime":"2"
                    }
                }
            ]
        },
        {
            "IsClickToNext": false,
            "IsAutoToNext": false,
            "DoData": [
                {
                    "Data": {
                        "DoType": "PlayAVG",
                        "Name":"PQAVG_5",
                        "AVG配置备注": "此处应配置AVG-PQAVG_5"
                    }
                }
            ]
        },
        {
            "IsClickToNext": false,
            "IsAutoToNext": true,
            "DoData": [
                {
                    "Data": {
                        "DoType": "LoadNpc",
                        "NPCInfo":"{\"NpcId\":105, \"MapId\":1001, \"Area\":1, \"MinX\":68, \"MaxX\":68, \"MinY\":70, \"MaxY\":70, \"CanMove\":false}"
                    }
                },
                {
                    "Data": {
                        "DoType": "Await",
                        "WaitTime":"1"
                    }
                }
            ]
        },
        {
            "IsClickToNext": false,
            "IsAutoToNext": false,
            "DoData": [
                {
                    "Data": {
                        "DoType": "PlayAVG",
                        "Name":"PQAVG_8",
                        "AVG配置备注": "此处应配置AVG-PQAVG_8"
                    }
                }
            ]
        },
        {
            "IsClickToNext": false,
            "IsAutoToNext": false,
            "DoData": [
                {
                    "Data": {
                        "DoType": "ShowSingleEffect",
                        "EffectName": "FeatureUnlocked",
                        "OverridElements": "{\"TxtTips\":\"『回廊』 已开放\"}"                        
                    }
                }
            ]
        },
        {
            "IsClickToNext": false,
            "IsAutoToNext": false,
            "DoData": [
                {
                    "Data": {
                        "DoType": "ShowSingleEffect",
                        "EffectName": "FeatureUnlocked",
                        "OverridElements": "{\"TxtTips\":\"拜伦·奥古斯塔『剑修士』 觉醒\"}"                        
                    }
                }
            ]
        },
        {
            "IsClickToNext": false,
            "IsAutoToNext": true,
            "DoData": [
                {
                    "Data": {
                        "DoType": "DestroyNPC",
                        "NPCId":"105"
                    }
                },
                {
                    "Data": {
                        "DoType": "ShowNodeElement",
                        "NodeIds":"[9520]"
                    }
                },
                {
                    "Data": {
                        "DoType": "EnableNodeEvent",
                        "NodeIds":"[9372,9371,9370,9522,9521,9520,9672,9671,9670]"
                    }
                },
                {
                    "Data": {
                        "DoType": "Await",
                        "WaitTime":"1"
                    }
                }
            ]
        },
        {
            "IsClickToNext": false,
            "IsAutoToNext": false,
            "DoData": [
                {
                    "Data": {
                        "DoType": "PlayAVG",
                        "Name":"PQAVG_14",
                        "AVG配置备注": "此处应配置AVG-PQAVG_14"
                    }
                }
            ]
        },
        {
            "IsClickToNext": false,
            "IsAutoToNext": false,
            "DoData": [
                {
                    "Data": {
                        "DoType": "ShowNodeElement",
                        "NodeIds":"[9519]"
                    }
                },
                {
                    "Data": {
                        "DoType": "HideNodeElement",
                        "NodeIds":"[9669]"
                    }
                },
                {
                    "Data": {
                        "DoType": "SetCanWalk",
                        "NodeIds":"[9519]",
                        "CanWalk":"False"
                    }
                },
                {
                    "Data": {
                        "DoType": "SetCanWalk",
                        "NodeIds":"[9669]",
                        "CanWalk":"True"
                    }
                },
                {
                    "Data": {
                        "DoType": "EnableNodeEvent",
                        "NodeIds":"[9372,9371,9370,9522,9521,9520,9672,9671,9670,9519]"
                    }
                },
                {
                    "Data": {
                        "DoType": "ShowSingleEffect",
                        "EffectName": "FeatureUnlocked",
                        "OverridElements": "{\"TxtTips\":\"『回廊商店』 已开放\"}"                        
                    }
                }
            ]
        },
        {
            "IsClickToNext": false,
            "IsAutoToNext": true,
            "DoData": [
                {
                    "Data": {
                        "DoType": "SetMaskAlpha",
                        "Alpha": "0.0",
                        "Summary": "将遮罩透明度设置为0.0"
                    }
                },
                {
                    "Data": {
                        "DoType": "ShowMask",
                        "Summary": "显示遮罩"
                    }
                },
                {
                    "Data": {
                        "DoType": "SetMapActive",
                        "Active":"False"
                    }
                },
                {
                    "Data": {
                        "DoType": "SetTips",
                        "Text":"<size=20>『回廊』竞技的封锁已解除\n点击中间的巨像，即可打开回廊界面</size>",
                        "Position":"0,250",
                        "ShowFrame":"True"
                    }
                },
                {
                    "Data": {
                        "DoType": "Await",
                        "WaitTime":"2"
                    }
                }
            ]
        },
        {
            "IsClickToNext": false,
            "IsAutoToNext": true,
            "DoData": [
                {
                    "Data": {
                        "DoType": "ClearTips"
                    }
                },
                {
                    "Data": {
                        "DoType": "HideMask"
                    }
                },
                {
                    "Data": {
                        "DoType": "SetMaskAlpha",
                        "Alpha": "0.8"
                    }
                }
            ]
        },
        {
            "IsClickToNext": false,
            "IsAutoToNext": true,
            "DoData": [
                {
                    "Data": {
                        "DoType": "SetMaskAlpha",
                        "Alpha": "1.0"
                    }
                },
                {
                    "Data": {
                        "DoType": "Teleport",
                        "MapId": "1001",
                        "NodeId": "9821"
                    }
                },
                {
                    "Data": {
                        "DoType": "Await",
                        "WaitTime": "1"
                    }
                }
            ]
        }
    ]
}
