{
    "GuideName": "Guide000.1",
    "Triggers": [
        {
            "Data": {
                "TriggerType": "GuideCompleted",
                "GuideName": "Guide000"
            }
        }
    ],
    "Preconditions":[
        {
            "Data": {
                "ConditionType": "GuideCompleted",
                "GuideName": "Guide000"
            }
        }
    ],
    "NodeData": [
        {
            "IsClickToNext": false,
            "IsAutoToNext": true,
            "DoData": [
                {
                    "Data": {
                        "DoType": "SetMaskAlpha",
                        "Alpha": "1.0",
                        "Summary": "将遮罩透明度设置为1"
                    }
                },
                {
                    "Data": {
                        "DoType": "Await",
                        "WaitTime": "5"
                    }
                }
            ]
        },
        {
            "IsClickToNext": false,
            "IsAutoToNext": true,
            "DoData": [
                {
                    "Data": {
                        "DoType": "Complete"
                    }
                }
            ]
        }
    ]
}