{
    "GuideName":"Guide009.5",
    "Triggers": [
        {
            "Data": {
                "TriggerType": "OpenPanel",
                "PanelName": "MainPanel"
            }
        },
        {
            "Data": {
                "TriggerType": "GuideCompleted",
                "GuideName": "Guide009"
            }
        }
    ],
    "Preconditions":[
        {
            "Data": {
                "ConditionType": "GuideCompleted",
                "GuideName": "Guide009"
            }
        }
    ],
    "NodeData": [
        {
            "IsClickToNext": false,
            "IsAutoToNext": true,
            "DoData": [
                {
                    "Data": {
                        "DoType": "SetMaskAlpha",
                        "Alpha": "1.0"
                    }
                },
                {
                    "Data": {
                        "DoType": "Teleport",
                        "MapId": "1001",
                        "NodeId": "9495"
                    }
                },
                {
                    "Data": {
                        "DoType": "Await",
                        "WaitTime": "1"
                    }
                }
            ]
        },
        {
            "IsClickToNext": false,
            "IsAutoToNext": true,
            "DoData": [
                {
                    "Data": {
                        "DoType": "HideMask"
                    }
                },
                {
                    "Data": {
                        "DoType": "SetMaskAlpha",
                        "Alpha": "0.8"
                    }
                },
                {
                    "Data": {
                        "DoType": "HideUIObject",
                        "Panel": "MainPanel",
                        "Objects": "[\"Teleport\",\"ChatImage\"]"
                    }
                },
                {
                    "Data": {
                        "DoType": "HideUIObject",
                        "Panel": "PlayerPropertyPanel",
                        "Objects": "[\"Parent\"]"
                    }
                },
                {
                    "Data": {
                        "DoType": "HideNodeElement",
                        "NodeIds":"[9649,9349,9046,9045]"
                    }
                },
                {
                    "Data": {
                        "DoType": "SetMapActive",
                        "Active": "True"
                    }
                },
                {
                    "Data": {
                        "DoType": "WaitAreaOpen",
                        "MapId":"1001",
                        "AreaId":"1"
                    }
                }
            ]
        },
        {
            "IsClickToNext": false,
            "IsAutoToNext": true,
            "DoData": [
                {
                    "Data": {
                        "DoType": "SetMapActive",
                        "Active": "False"
                    }
                },
                {
                    "Data": {
                        "DoType": "HideNodeElement",
                        "NodeIds":"[9514,8023,8022,8021,8780,9080,15067,9669,9519,9219,9518,8317,8615,8765,10875,10724,10273,8324,9228,10419,9829,9529,9975,8618,8468,8469,8628,9979,10727,10566,8326,9520]"
                    }
                },
                {
                    "Data": {
                        "DoType": "DisableNodeEvent",
                        "NodeIds":"[8023,8022,8021,8020,8780,8930,9080,14853,15067,15295,11023,11022,11021,11020,9669,9519,9219,9518,8317,8615,8765,10875,10724,10273,8324,9228,10419,9829,9529,9975,10717,10716,8326,9372,9371,9370,9522,9521,9520,9672,9671,9670]"
                    }
                },
                {
                    "Data": {
                        "DoType": "SetCanWalk",
                        "NodeIds":"[8173,8172,8171,8170,8780,8930,9080,14847,15061,15289,11023,11022,11021,11020]",
                        "CanWalk":"False"
                    }
                },
                {
                    "Data": {
                        "DoType": "SetCanWalk",
                        "NodeIds":"[9669,9519,9219,9518,8317,8615,8765,10875,10724,10273,8324,9228,10419,9829,9529,9975]",
                        "CanWalk":"True"
                    }
                },
                {
                    "Data": {
                        "DoType": "Await",
                        "WaitTime":"2"
                    }
                }
            ]
        },
        {
            "IsClickToNext": false,
            "IsAutoToNext": false,
            "DoData": [
                {
                    "Data": {
                        "DoType": "PlayAVG",
                        "Name":"NewGuideAVG_17",
                        "AVG配置备注": "此处应配置AVG-NewGuideAVG_17（需要修改）"
                    }
                }
            ]
        },
        {
            "IsClickToNext": false,
            "IsAutoToNext": true,
            "DoData": [
                {
                    "Data": {
                        "DoType": "SetMaskAlpha",
                        "Alpha": "0.0",
                        "Summary": "将遮罩透明度设置为0.0"
                    }
                },
                {
                    "Data": {
                        "DoType": "ShowMask",
                        "Summary": "显示遮罩"
                    }
                },
                {
                    "Data": {
                        "DoType": "SetMapActive",
                        "Active":"False"
                    }
                },
                {
                    "Data": {
                        "DoType": "SetTips",
                        "Text":"<size=20>毫无疑问，『源之室』应该处于『中央区域』之中\n寻找关于『源之室』的线索</size>",
                        "Position":"0,250",
                        "ShowFrame":"True"
                    }
                },
                {
                    "Data": {
                        "DoType": "Await",
                        "WaitTime":"2"
                    }
                }
            ]
        },
        {
            "IsClickToNext": false,
            "IsAutoToNext": true,
            "DoData": [
                {
                    "Data": {
                        "DoType": "ClearTips"
                    }
                },
                {
                    "Data": {
                        "DoType": "HideMask"
                    }
                },
                {
                    "Data": {
                        "DoType": "SetMaskAlpha",
                        "Alpha": "0.8"
                    }
                },
                {
                    "Data": {
                        "DoType": "SetCanWalk",
                        "NodeIds":"[10568,10718,10566]",
                        "CanWalk":"False"
                    }
                },
                {
                    "Data": {
                        "DoType": "SetMapActive",
                        "Active":"True"
                    }
                },
                {
                    "Data": {
                        "DoType": "WaitMoveTo",
                        "PassingNodes":"[{\"MapId\":1001,\"NodeId\":10567}]",
                        "ArrivalNodes":"[{\"MapId\":1001,\"NodeId\":10567}]"
                    }
                }
            ]
        },
        {
            "IsClickToNext": false,
            "IsAutoToNext": false,
            "DoData": [
                {
                    "Data": {
                        "DoType": "PlayAVG",
                        "Name":"NewGuideAVG_19",
                        "AVG配置备注": "此处应配置AVG-NewGuideAVG_19"
                    }
                }
            ]
        },
        {
            "IsClickToNext": false,
            "IsAutoToNext": false,
            "DoData": [
                {
                    "Data": {
                        "DoType": "ShowSingleEffect",
                        "EffectName": "FeatureUnlocked",
                        "OverridElements": "{\"TxtTips\":\"『源之室』 已开放\"}"                        
                    }
                }
            ]
        },
        {
            "IsClickToNext": false,
            "IsAutoToNext": true,
            "DoData": [
                {
                    "Data": {
                        "DoType": "HideNodeElement",
                        "NodeIds":"[8930]"
                    }
                },
                {
                    "Data": {
                        "DoType": "ShowNodeElement",
                        "NodeIds":"[8780,9080]"
                    }
                },
                {
                    "Data": {
                        "DoType": "EnableNodeEvent",
                        "NodeIds":"[8780,8930,9080]"
                    }
                },
                {
                    "Data": {
                        "DoType": "Await",
                        "WaitTime":"1"
                    }
                }
            ]
        },
        {
            "IsClickToNext": false,
            "IsAutoToNext": false,
            "DoData": [
                {
                    "Data": {
                        "DoType": "ShowSingleEffect",
                        "EffectName": "FeatureUnlocked",
                        "OverridElements": "{\"TxtTips\":\"『自由商店』 已开放\"}"                        
                    }
                }
            ]
        },
        {
            "IsClickToNext": false,
            "IsAutoToNext": false,
            "DoData": [
                {
                    "Data": {
                        "DoType": "PlayAVG",
                        "Name":"PQAVG_4",
                        "AVG配置备注": "此处应配置AVG-PQAVG_4"
                    }
                }
            ]
        },
        {
            "IsClickToNext": false,
            "IsAutoToNext": true,
            "DoData": [
                {
                    "Data": {
                        "DoType": "SetCanWalk",
                        "NodeIds":"[10568,10718,10566,8780,8930,9080,9369,8917,10877,8325,9679]",
                        "CanWalk":"True"
                    }
                },
                {
                    "Data": {
                        "DoType": "SetCanWalk",
                        "NodeIds":"[9669,8317,10875,8324,9829]",
                        "CanWalk":"False"
                    }
                },
                {
                    "Data": {
                        "DoType": "HideNodeElement",
                        "NodeIds":"[9369,8917,10877,8325,9679]"
                    }
                },
                {
                    "Data": {
                        "DoType": "ShowNodeElement",
                        "NodeIds":"[10566,9669,8317,10875,8324,9829]"
                    }
                },
                {
                    "Data": {
                        "DoType": "EnableNodeEvent",
                        "NodeIds":"[10716,10717,9669,8317,10875,8324,9829]"
                    }
                },
                {
                    "Data": {
                        "DoType": "DisableNodeEvent",
                        "NodeIds":"[9369,8917,10877,8325,9679]"
                    }
                },
                {
                    "Data": {
                        "DoType": "SetMaskAlpha",
                        "Alpha": "0.0",
                        "Summary": "将遮罩透明度设置为0.0"
                    }
                },
                {
                    "Data": {
                        "DoType": "ShowMask",
                        "Summary": "显示遮罩"
                    }
                },
                {
                    "Data": {
                        "DoType": "SetMapActive",
                        "Active":"False"
                    }
                },
                {
                    "Data": {
                        "DoType": "SetTips",
                        "Text":"<size=20>前往『源之室』的封锁已解除\n接下来请进入源之室吧</size>",
                        "Position":"0,250",
                        "ShowFrame":"True"
                    }
                },
                {
                    "Data": {
                        "DoType": "Await",
                        "WaitTime":"2"
                    }
                }
            ]
        },
        {
            "IsClickToNext": false,
            "IsAutoToNext": true,
            "DoData": [
                {
                    "Data": {
                        "DoType": "ClearTips"
                    }
                },
                {
                    "Data": {
                        "DoType": "HideMask"
                    }
                },
                {
                    "Data": {
                        "DoType": "SetMaskAlpha",
                        "Alpha": "0.8"
                    }
                }
            ]
        },
        {
            "IsClickToNext": false,
            "IsAutoToNext": true,
            "DoData": [
                {
                    "Data": {
                        "DoType": "SetMaskAlpha",
                        "Alpha": "1.0"
                    }
                },
                {
                    "Data": {
                        "DoType": "Teleport",
                        "MapId": "1001",
                        "NodeId": "10567"
                    }
                },
                {
                    "Data": {
                        "DoType": "Await",
                        "WaitTime": "1"
                    }
                }
            ]
        }
    ]
}
