{
    "GuideName":"Guide012",
    "Triggers": [
        {
            "Data": {
                "TriggerType": "OpenPanel",
                "PanelName": "MainPanel"
            }
        },
        {
            "Data": {
                "TriggerType": "GuideCompleted",
                "GuideName": "Guide011"
            }
        }
    ],
    "Preconditions":[
        {
            "Data": {
                "ConditionType": "GuideCompleted",
                "GuideName": "Guide011"
            }
        }
    ],
    "NodeData": [
        {
            "IsClickToNext": false,
            "IsAutoToNext": true,
            "DoData": [
                {
                    "Data": {
                        "DoType": "SetMaskAlpha",
                        "Alpha": "1.0"
                    }
                },
                {
                    "Data": {
                        "DoType": "Teleport",
                        "MapId": "1001",
                        "NodeId": "9821"
                    }
                },
                {
                    "Data": {
                        "DoType": "Await",
                        "WaitTime": "1"
                    }
                }
            ]
        },
        {
            "IsClickToNext": false,
            "IsAutoToNext": true,
            "DoData": [
                {
                    "Data": {
                        "DoType": "HideMask"
                    }
                },
                {
                    "Data": {
                        "DoType": "SetMaskAlpha",
                        "Alpha": "0.8"
                    }
                },
                {
                    "Data": {
                        "DoType": "HideUIObject",
                        "Panel": "MainPanel",
                        "Objects": "[\"Teleport\",\"ChatImage\"]"
                    }
                },
                {
                    "Data": {
                        "DoType": "HideUIObject",
                        "Panel": "PlayerPropertyPanel",
                        "Objects": "[\"Parent\"]"
                    }
                },
                {
                    "Data": {
                        "DoType": "HideNodeElement",
                        "NodeIds":"[9514,8023,8022,8021,8930,15067,9369,9669,9219,9518,8917,8615,8765,10877,10724,10273,8325,9228,10419,9679,9529,9975,8618,8468,8469,8628,9979,10727,8326]"
                    }
                },
                {
                    "Data": {
                        "DoType": "DisableNodeEvent",
                        "NodeIds":"[8023,8022,8021,8020,14853,15067,15295,11023,11022,11021,11020,9369,9669,9219,9518,8917,8615,8765,10877,10724,10273,8325,9228,10419,9679,9529,9975,8326]"
                    }
                },
                {
                    "Data": {
                        "DoType": "SetCanWalk",
                        "NodeIds":"[8173,8172,8171,8170,14847,15061,15289,11023,11022,11021,11020]",
                        "CanWalk":"False"
                    }
                },
                {
                    "Data": {
                        "DoType": "SetCanWalk",
                        "NodeIds":"[9369,9669,9219,9518,8917,8615,8765,10877,10724,10273,8325,9228,10419,9679,9529,9975]",
                        "CanWalk":"True"
                    }
                }
            ]
        },
        {
            "IsClickToNext": false,
            "IsAutoToNext": false,
            "DoData": [
                {
                    "Data": {
                        "DoType": "SetMapActive",
                        "Active": "True"
                    }
                },
                {
                    "Data": {
                        "DoType": "WaitPanelOpen",
                        "PanelName":"RankEnterPanel"
                    }
                }
            ]
        },
        {
            "IsClickToNext": true,
            "IsAutoToNext": false,
            "DoData": [
                {
                    "Data": {
                        "DoType": "ShowMask"
                    }
                },
                {
                    "Data": {
                        "DoType": "SetTips",
                        "Text":"请点击<size=30><color=green>回廊</color>进入</size>",
                        "Position":"0,-330"
                    }
                },
                {
                    "Data": {
                        "DoType": "Highlight",
                        "Panel":"RankEnterPanel",
                        "Objects":"[\"RankEnterPanel/BtnRank\"]",
                        "Order":"1"
                    }
                }
            ]
        },
        {
            "IsClickToNext": false,
            "IsAutoToNext": true,
            "DoData": [
                {
                    "Data": {
                        "DoType": "ClearTips"
                    }
                },
                {
                    "Data": {
                        "DoType": "ClearHighlight"
                    }
                }
            ]
        },
        {
            "IsClickToNext": true,
            "IsAutoToNext": false,
            "DoData": [
                {
                    "Data": {
                        "DoType": "SetInteractableNames",
                        "Names":"[\"Mask\"]"
                    }
                },
                {
                    "Data": {
                        "DoType": "SetTips",
                        "Text":"本界面即是『回廊』战斗开始前的准备界面，与『迷域』的准备界面在功能使用上基本一致",
                        "Position":"0,0"
                    }
                }
            ]
        },
        {
            "IsClickToNext": true,
            "IsAutoToNext": false,
            "DoData": [
                {
                    "Data": {
                        "DoType": "Highlight",
                        "Panel":"PreparationPanel",
                        "Objects":"[\"PreparationPanel/BtnBack\"]",
                        "Order":"1"
                    }
                },
                {
                    "Data": {
                        "DoType": "SetTips",
                        "Text":"请点击返回按钮进行返回",
                        "Position":"0,-330"
                    }
                }
            ]
        },
        {
            "IsClickToNext": false,
            "IsAutoToNext": true,
            "DoData": [
                {
                    "Data": {
                        "DoType": "ClearTips"
                    }
                },
                {
                    "Data": {
                        "DoType": "ClearHighlight"
                    }
                },
                {
                    "Data": {
                        "DoType": "HideMask"
                    }
                },
                {
                    "Data": {
                        "DoType": "ShowNodeElement",
                        "NodeIds":"[9219,8615,10724,9228,9529]"
                    }
                },
                {
                    "Data": {
                        "DoType": "HideNodeElement",
                        "NodeIds":"[9519,8317,10875,8324,9829]"
                    }
                },
                {
                    "Data": {
                        "DoType": "SetCanWalk",
                        "NodeIds":"[9219,8615,10724,9228,9529]",
                        "CanWalk":"False"
                    }
                },
                {
                    "Data": {
                        "DoType": "SetCanWalk",
                        "NodeIds":"[9519,8317,10875,8324,9829]",
                        "CanWalk":"True"
                    }
                }
            ]
        },
        {
            "IsClickToNext": false,
            "IsAutoToNext": true,
            "DoData": [
                {
                    "Data": {
                        "DoType": "SetMaskAlpha",
                        "Alpha": "1.0"
                    }
                },
                {
                    "Data": {
                        "DoType": "Teleport",
                        "MapId": "1001",
                        "NodeId": "9821"
                    }
                },
                {
                    "Data": {
                        "DoType": "Await",
                        "WaitTime": "0.5"
                    }
                }
            ]
        }
    ]
}
