{
    "GuideName":"Guide004",
    "Triggers": [
        {
            "Data": {
                "TriggerType": "OpenPanel",
                "PanelName": "MainPanel"
            }
        },
        {
            "Data": {
                "TriggerType": "GuideCompleted",
                "GuideName": "Guide003"
            }
        }
    ],
    "Preconditions":[
        {
            "Data": {
                "ConditionType": "GuideCompleted",
                "GuideName": "Guide003"
            }
        }
    ],
    "NodeData": [
        {
            "IsClickToNext": false,
            "IsAutoToNext": true,
            "DoData": [
                {
                    "Data": {
                        "DoType": "SetMaskAlpha",
                        "Alpha":"1.0"
                    }
                },
                {
                    "Data": {
                        "DoType": "Teleport",
                        "MapId":"1001",
                        "NodeId":"9874"
                    }
                },
                {
                    "Data": {
                        "DoType": "Await",
                        "WaitTime" : "2"
                    }
                }
            ]
        },
        {
            "IsClickToNext": false,
            "IsAutoToNext": true,
            "DoData": [
                {
                    "Data": {
                        "DoType": "HideMask"
                    }
                },
                {
                    "Data": {
                        "DoType": "SetMaskAlpha",
                        "Alpha":"0.8"
                    }
                },
                {
                    "Data": {
                        "DoType": "HideUIObject",
                        "Panel":"MainPanel",
                        "Objects":"[\"LeftButtons\",\"Teleport\",\"ChatImage\"]"
                    }
                },
                {
                    "Data": {
                        "DoType": "HideUIObject",
                        "Panel":"PlayerPropertyPanel",
                        "Objects":"[\"Parent\"]"
                    }
                },
                {
                    "Data": {
                        "DoType": "SetCanWalk",
                        "NodeIds":"[9626,9625,9887,9886,9885,12673,6943,6942,6941,6940,7140,7141,7142,7144,7353,7352,9324,9039,10134,9876,9615,9352,9340,9339,9338,9337,9611,9872,10112,10613,10830]",
                        "CanWalk":"False"
                    }
                },
                {
                    "Data": {
                        "DoType": "SetCanWalk",
                        "NodeIds":"[12469,12067,11057,12870,12269,12267,11056,13070,8052,8544,9092,8037]",
                        "CanWalk":"True"
                    }
                },
                {
                    "Data": {
                        "DoType": "SetCanWalk",
                        "NodeIds":"[10838]",
                        "CanWalk":"True"
                    }
                },
                {
                    "Data": {
                        "DoType": "HideNodeElement",
                        "NodeIds":"[10145,10143,12672,6942,7141,9038,7582,7358,11058,12469,12067,11057,12870,11262,12269,12267,11056,13070,11673,10838,8052,8544,9092,8037]"
                    }
                },
                {
                    "Data": {
                        "DoType": "DisableNodeEvent",
                        "NodeIds":"[10145,10144,10143,12673,6942,6941,7141,9038,9323,11058,12469,12067,11057,12870,11262,12269,12267,11056,13070,11673,10838,8052,8544,9092,8037]"
                    }
                },
                {
                    "Data": {
                        "DoType": "SetMapActive",
                        "Active":"True"
                    }
                },
                {
                    "Data": {
                        "DoType": "WaitMoveTo",
                        "PassingNodes":"[{\"MapId\":1001,\"NodeId\":10362},{\"MapId\":1001,\"NodeId\":10361},{\"MapId\":1001,\"NodeId\":10360},{\"MapId\":1001,\"NodeId\":10620},{\"MapId\":1001,\"NodeId\":10619},{\"MapId\":1001,\"NodeId\":10618}]",
                        "ArrivalNodes":"[{\"MapId\":1001,\"NodeId\":10362},{\"MapId\":1001,\"NodeId\":10361},{\"MapId\":1001,\"NodeId\":10360},{\"MapId\":1001,\"NodeId\":10620},{\"MapId\":1001,\"NodeId\":10619},{\"MapId\":1001,\"NodeId\":10618}]"
                    }
                }
            ]
        },
        {
            "IsClickToNext": false,
            "IsAutoToNext": false,
            "DoData": [
                {
                    "Data": {
                        "DoType": "SetMapActive",
                        "Active":"False"
                    }
                },
                {
                    "Data": {
                        "DoType": "PlayAVG",
                        "Name":"QSGuideAVG_01",
                        "AVG配置备注": "此处应配置AVG-QSGuideAVG_01"                      

                    }
                }
            ]
        },
        {
            "IsClickToNext": false,
            "IsAutoToNext": true,
            "DoData": [
                {
                    "Data": {
                        "DoType": "LoadNpc",
                        "NPCInfo":"{\"NpcId\":50201, \"MapId\":1001, \"Area\":20, \"MinX\":52, \"MaxX\":52, \"MinY\":30, \"MaxY\":30, \"CanMove\":false,\"Rotation\":90}"
                    }
                },
                {
                    "Data": {
                        "DoType": "LoadNpc",
                        "NPCInfo":"{\"NpcId\":50204, \"MapId\":1001, \"Area\":20, \"MinX\":52, \"MaxX\":52, \"MinY\":31, \"MaxY\":31, \"CanMove\":false,\"Rotation\":90}"
                    }
                },
                {
                    "Data": {
                        "DoType": "SetMaskAlpha",
                        "Alpha": "0.0",
                        "Summary": "将遮罩透明度设置为0.0"
                    }
                },
                
                {
                    "Data": {
                        "DoType": "ShowMask",
                        "Summary": "显示遮罩"
                    }
                },
                {
                    "Data": {
                        "DoType": "SetMapActive",
                        "Active":"False"
                    }
                },
                {
                    "Data": {
                        "DoType": "SetTips",
                        "Text":"<size=20>那身影就是『众矢』的居民吧，去和他们进行接触吧，或许能得到相当有用的消息</size>",
                        "Position":"0,250",
                        "ShowFrame":"True"
                    }
                },
                {
                    "Data": {
                        "DoType": "Await",
                        "WaitTime":"2"
                    }
                }
            ]
        },
        {
            "IsClickToNext": false,
            "IsAutoToNext": true,
            "DoData": [
                {
                    "Data": {
                        "DoType": "ClearTips"
                    }
                },
                {
                    "Data": {
                        "DoType": "HideMask"
                    }
                },
                {
                    "Data": {
                        "DoType": "SetMaskAlpha",
                        "Alpha": "0.8"
                    }
                },
                {
                    "Data": {
                        "DoType": "SetMapActive",
                        "Active":"True"
                    }
                },
                {
                    "Data": {
                        "DoType": "WaitMoveTo",
                        "PassingNodes":"[{\"MapId\":1001,\"NodeId\":11059},{\"MapId\":1001,\"NodeId\":11060}]",
                        "ArrivalNodes":"[{\"MapId\":1001,\"NodeId\":11059},{\"MapId\":1001,\"NodeId\":11060}]"
                    }
                }
            ]
        },
        {
            "IsClickToNext": false,
            "IsAutoToNext": false,
            "DoData": [
                {
                    "Data": {
                        "DoType": "SetMapActive",
                        "Active":"False"
                    }
                },
                {
                    "Data": {
                        "DoType": "PlayAVG",
                        "Name":"QSGuideAVG_02",
                        "AVG配置备注": "此处应配置AVG-QSGuideAVG_02"
                    }
                }
            ]
        },
        {
            "IsClickToNext": false,
            "IsAutoToNext": true,
            "DoData": [
                {
                    "Data": {
                        "DoType": "SetMaskAlpha",
                        "Alpha": "0.0",
                        "Summary": "将遮罩透明度设置为0.0"
                    }
                },
                {
                    "Data": {
                        "DoType": "ShowMask",
                        "Summary": "显示遮罩"
                    }
                },
                {
                    "Data": {
                        "DoType": "DestroyNPC",
                        "NPCId":"50201"
                    }
                },
                {
                    "Data": {
                        "DoType": "DestroyNPC",
                        "NPCId":"50204"
                    }
                },
                {
                    "Data": {
                        "DoType": "ShowNodeElement",
                        "NodeIds":"[11673,11058,11262]"
                    }
                },
                {
                    "Data": {
                        "DoType": "EnableNodeEvent",
                        "NodeIds":"[11058,11262]"
                    }
                },
                {
                    "Data": {
                        "DoType": "SetMapActive",
                        "Active":"False"
                    }
                },
                {
                    "Data": {
                        "DoType": "SetTips",
                        "Text":"<size=20>由意志所幻化出来的身影，那就是他们所说的卡莱尔吗？</size>",
                        "Position":"0,250",
                        "ShowFrame":"True"
                    }
                },
                {
                    "Data": {
                        "DoType": "Await",
                        "WaitTime":"2"
                    }
                }
            ]
        },
        {
            "IsClickToNext": false,
            "IsAutoToNext": true,
            "DoData": [
                {
                    "Data": {
                        "DoType": "ClearTips"
                    }
                },
                {
                    "Data": {
                        "DoType": "HideMask"
                    }
                },
                {
                    "Data": {
                        "DoType": "SetMaskAlpha",
                        "Alpha": "0.8"
                    }
                },
                {
                    "Data": {
                        "DoType": "SetCanWalk",
                        "NodeIds":"[11873]",
                        "CanWalk":"False"
                    }
                },
                {
                    "Data": {
                        "DoType": "SetMapActive",
                        "Active":"True"
                    }
                },
                {
                    "Data": {
                        "DoType": "WaitMoveTo",
                        "PassingNodes":"[{\"MapId\":1001,\"NodeId\":11672}]",
                        "ArrivalNodes":"[{\"MapId\":1001,\"NodeId\":11672}]"
                    }
                }
            ]
        },
        {
            "IsClickToNext": false,
            "IsAutoToNext": false,
            "DoData": [
                {
                    "Data": {
                        "DoType": "PlayAVG",
                        "Name":"QSGuideAVG_03",
                        "AVG配置备注": "此处应配置AVG-QSGuideAVG_03"
                    }
                }
            ]
        },
        {
            "IsClickToNext": false,
            "IsAutoToNext": false,
            "DoData": [
                {
                    "Data": {
                        "DoType": "ShowSingleEffect",
                        "EffectName": "FeatureUnlocked",
                        "OverridElements": "{\"TxtTips\":\"功能·迷域 已开放\"}"                        
                    }
                }
            ]
        },
        {
            "IsClickToNext": false,
            "IsAutoToNext": true,
            "DoData": [
                {
                    "Data": {
                        "DoType": "ShowNodeElement",
                        "NodeIds":"[12672]"
                    }
                },
                {
                    "Data": {
                        "DoType": "EnableNodeEvent",
                        "NodeIds":"[12673,11673]"
                    }
                },
                {
                    "Data": {
                        "DoType": "SetCanWalk",
                        "NodeIds":"[11873]",
                        "CanWalk":"True"
                    }
                },
                {
                    "Data": {
                        "DoType": "SetMaskAlpha",
                        "Alpha": "0.0",
                        "Summary": "将遮罩透明度设置为0.0"
                    }
                },
                {
                    "Data": {
                        "DoType": "ShowMask",
                        "Summary": "显示遮罩"
                    }
                },
                {
                    "Data": {
                        "DoType": "SetMapActive",
                        "Active":"False"
                    }
                },
                {
                    "Data": {
                        "DoType": "SetTips",
                        "Text":"<size=20>那气息不断汇聚，逐渐磅礴\n犹如实体具现化般闪耀\n那就是『迷域』的入口吗？</size>",
                        "Position":"0,250",
                        "ShowFrame":"True"
                    }
                },
                {
                    "Data": {
                        "DoType": "Await",
                        "WaitTime":"2"
                    }
                }
            ]
        },
        {
            "IsClickToNext": false,
            "IsAutoToNext": true,
            "DoData": [
                {
                    "Data": {
                        "DoType": "ClearTips"
                    }
                },
                {
                    "Data": {
                        "DoType": "HideMask"
                    }
                },
                {
                    "Data": {
                        "DoType": "SetMaskAlpha",
                        "Alpha": "0.8"
                    }
                }
            ]
        },
        {
            "IsClickToNext": false,
            "IsAutoToNext": true,
            "DoData": [
                {
                    "Data": {
                        "DoType": "Teleport",
                        "MapId":"1001",
                        "NodeId":"11672"
                    }
                },
                {
                    "Data": {
                        "DoType": "HideMask"
                    }
                },
                {
                    "Data": {
                        "DoType": "SetMaskAlpha",
                        "Alpha": "0.8"
                    }
                }
            ]
        }
    ]
}