{
    "GuideName":"Guide003",
    "Triggers": [
        {
            "Data": {
                "TriggerType": "OpenPanel",
                "PanelName": "MainPanel"
            }
        },
        {
            "Data": {
                "TriggerType": "GuideCompleted",
                "GuideName": "Guide002"
            }
        }
    ],
    "Preconditions":[
        {
            "Data": {
                "ConditionType": "GuideCompleted",
                "GuideName": "Guide002"
            }
        }
    ],
    "NodeData": [
        {
            "IsClickToNext": false,
            "IsAutoToNext": true,
            "DoData": [
                {
                    "Data": {
                        "DoType": "SetMaskAlpha",
                        "Alpha":"1.0"
                    }
                },
                {
                    "Data": {
                        "DoType": "Teleport",
                        "MapId":"1001",
                        "NodeId":"9874"
                    }
                },
                {
                    "Data": {
                        "DoType": "Await",
                        "WaitTime" : "2"
                    }
                }
            ]
        },
        {
            "IsClickToNext": false,
            "IsAutoToNext": true,
            "DoData": [
                {
                    "Data": {
                        "DoType": "HideMask"
                    }
                },
                {
                    "Data": {
                        "DoType": "SetMaskAlpha",
                        "Alpha":"0.8"
                    }
                },
                {
                    "Data": {
                        "DoType": "SetMapActive",
                        "Active":"False"
                    }
                },
                {
                    "Data": {
                        "DoType": "HideUIObject",
                        "Panel":"MainPanel",
                        "Objects":"[\"PlayerInfo\",\"LeftButtons\",\"Teleport\",\"ChatImage\"]"
                    }
                },
                {
                    "Data": {
                        "DoType": "HideUIObject",
                        "Panel":"PlayerPropertyPanel",
                        "Objects":"[\"Parent\"]"
                    }
                },
                {
                    "Data": {
                        "DoType": "SetCanWalk",
                        "NodeIds":"[9626,9625,9887,9886,9885,12673,6943,6942,6941,6940,7140,7141,7142,7144,7353,7352,9324,9039]",
                        "CanWalk":"False"
                    }
                },
                {
                    "Data": {
                        "DoType": "SetCanWalk",
                        "NodeIds":"[12469,12067,11057,12870,12269,12267,11056,13070,8052,8544,9092,8037]",
                        "CanWalk":"True"
                    }
                },
                {
                    "Data": {
                        "DoType": "HideNodeElement",
                        "NodeIds":"[10145,10143,12672,6942,7141,9038,7582,7358,11058,12469,12067,11057,12870,11262,12269,12267,11056,13070,11673,10838,8052,8544,9092,8037]"
                    }
                },
                {
                    "Data": {
                        "DoType": "DisableNodeEvent",
                        "NodeIds":"[10145,10144,10143,12673,6942,6941,7141,9038,9323,11058,12469,12067,11057,12870,11262,12269,12267,11056,13070,11673,10838,8052,8544,9092,8037]"
                    }
                },
                {
                    "Data": {
                        "DoType": "Await",
                        "WaitTime":"1"
                    }
                }
            ]
        },
        {
            "IsClickToNext": false,
            "IsAutoToNext": false,
            "DoData": [
                {
                    "Data": {
                        "DoType": "PlayAVG",
                        "Name":"NewGuideAVG_08",
                        "AVG配置备注": "此处应配置AVG-NewGuideAVG_08"
                    }
                }
            ]
        },
        {
            "IsClickToNext": false,
            "IsAutoToNext": false,
            "DoData": [
                {
                    "Data": {
                        "DoType": "ShowSingleEffect",
                        "EffectName": "FeatureUnlocked",
                        "OverridElements": "{\"TxtTips\":\"<size=10>傅伊·伽拉姆 『持有者』 觉醒</size>\"}"                        
                    }
                }
            ]
        },
        {
            "IsClickToNext": false,
            "IsAutoToNext": true,
            "DoData": [
                {
                    "Data": {
                        "DoType": "HideMask"
                    }
                },
                {
                    "Data": {
                        "DoType": "Await",
                        "WaitTime":"0.5"
                    }
                }
            ]
        },
        {
            "IsClickToNext": false,
            "IsAutoToNext": true,
            "DoData": [
                {
                    "Data": {
                        "DoType": "ShowUIObject",
                        "Panel":"MainPanel",
                        "Objects":"[\"PlayerInfo\"]"
                    }
                },
                {
                    "Data": {
                        "DoType": "Await",
                        "WaitTime":"1"
                    }
                }
            ]
        },
        {
            "IsClickToNext": false,
            "IsAutoToNext": true,
            "DoData": [
                {
                    "Data": {
                        "DoType": "SetMaskAlpha",
                        "Alpha": "0.0",
                        "Summary": "将遮罩透明度设置为0.0"
                    }
                },
                {
                    "Data": {
                        "DoType": "ShowMask",
                        "Summary": "显示遮罩"
                    }
                },
                {
                    "Data": {
                        "DoType": "SetTips",
                        "Text":"<size=20>感受到右侧通路的尽头有着与『众矢』截然不同的气息，那或许能得到某些线索</size>",
                        "Position":"0,250",
                        "ShowFrame":"True"
                    }
                },
                {
                    "Data": {
                        "DoType": "Await",
                        "WaitTime":"3"
                    }
                }
            ]
        },
        {
            "IsClickToNext": false,
            "IsAutoToNext": true,
            "DoData": [
                {
                    "Data": {
                        "DoType": "ClearTips"
                    }
                },
                {
                    "Data": {
                        "DoType": "HideMask"
                    }
                },
                {
                    "Data": {
                        "DoType": "SetMaskAlpha",
                        "Alpha": "0.8"
                    }
                },
                {
                    "Data": {
                        "DoType": "Teleport",
                        "MapId":"1001",
                        "NodeId":"9874"
                    }
                }
            ]
        }
    ]
}