{
    "GuideName":"Guide006",
    "Triggers": [
        {
            "Data": {
                "TriggerType": "OpenPanel",
                "PanelName": "MainPanel"
            }
        },
        {
            "Data": {
                "TriggerType": "GuideCompleted",
                "GuideName": "Guide005"
            }
        }
    ],
    "Preconditions":[
        {
            "Data": {
                "ConditionType": "GuideCompleted",
                "GuideName": "Guide005"
            }
        }
    ],
    "NodeData": [
        {
            "IsClickToNext": false,
            "IsAutoToNext": true,
            "DoData": [
                {
                    "Data": {
                        "DoType": "SetMaskAlpha",
                        "Alpha":"1.0"
                    }
                },
                {
                    "Data": {
                        "DoType": "Teleport",
                        "MapId":"1001",
                        "NodeId":"12672"
                    }
                },
                {
                    "Data": {
                        "DoType": "Await",
                        "WaitTime" : "1"
                    }
                }
            ]
        },
        {
            "IsClickToNext": false,
            "IsAutoToNext": true,
            "DoData": [
                {
                    "Data": {
                        "DoType": "HideNodeElement",
                        "NodeIds":"[10145,10143,6942,7141,9038,7582,7358,11058,12067,11057,12870,11262,12267,11056,13070,11673,8052,8544,9092,8037,9875,9613,9873]"
                    }
                },
                {
                    "Data": {
                        "DoType": "HideUIObject",
                        "Panel":"MainPanel",
                        "Objects":"[\"LeftButtons\",\"Teleport\",\"ChatImage\"]"
                    }
                },
                {
                    "Data": {
                        "DoType": "HideUIObject",
                        "Panel":"PlayerPropertyPanel",
                        "Objects":"[\"Parent\"]"
                    }
                },
                {
                    "Data": {
                        "DoType": "SetCanWalk",
                        "NodeIds":"[9626,9625,9887,9886,9885,6943,6942,6941,6940,7140,7141,7142,7144,7353,7352,9324,9039]",
                        "CanWalk":"False"
                    }
                },
                {
                    "Data": {
                        "DoType": "SetCanWalk",
                        "NodeIds":"[11058,12067,11057,12870,11262,12267,11056,13070,11673,8052,8544,9092,8037]",
                        "CanWalk":"True"
                    }
                },
                {
                    "Data": {
                        "DoType": "DisableNodeEvent",
                        "NodeIds":"[10145,10144,10143,6942,6941,7141,9038,9323,11058,12067,11057,12870,11262,12267,11056,13070,11673,10838,8052,8544,9092,8037,11873]"
                    }
                },
                {
                    "Data": {
                        "DoType": "HideMask"
                    }
                },
                {
                    "Data": {
                        "DoType": "SetMaskAlpha",
                        "Alpha":"0.8"
                    }
                },
                {
                    "Data": {
                        "DoType": "SetMapActive",
                        "Active":"False"
                    }
                }
            ]
        },
        {
            "IsClickToNext": false,
            "IsAutoToNext": false,
            "DoData": [
                {
                    "Data": {
                        "DoType": "PlayAVG",
                        "Name":"NewGuideAVG_11",
                        "AVG配置备注": "此处应配置AVG-NewGuideAVG_11"
                    }
                }
            ]
        },
        {
            "IsClickToNext": false,
            "IsAutoToNext": false,
            "DoData": [
                {
                    "Data": {
                        "DoType": "ShowSingleEffect",
                        "EffectName": "FeatureUnlocked",
                        "OverridElements": "{\"TxtTips\":\"『意志等级奖励』已解锁\"}"                        
                    }
                }
            ]
        },
        {
            "IsClickToNext": false,
            "IsAutoToNext": true,
            "DoData": [
                {
                    "Data": {
                        "DoType": "HideMask"
                    }
                },
                {
                    "Data": {
                        "DoType": "Await",
                        "WaitTime":"0.5"
                    }
                }
            ]
        },
        {
            "IsClickToNext": false,
            "IsAutoToNext": true,
            "DoData": [
                {
                    "Data": {
                        "DoType": "ShowUIObject",
                        "Panel":"MainPanel",
                        "Objects":"[\"LeftButtons\"]"
                    }
                },
                {
                    "Data": {
                        "DoType": "HideUIObject",
                        "Panel":"MainPanel",
                        "Objects":"[\"LeftButtons/BtnActive\"]"
                    }
                },
                {
                    "Data": {
                        "DoType": "Await",
                        "WaitTime":"0.5"
                    }
                }
            ]
        },
        {
            "IsClickToNext": true,
            "IsAutoToNext": false,
            "DoData": [
                {
                    "Data": {
                        "DoType": "ShowMask"
                    }
                },
                {
                    "Data": {
                        "DoType": "SetTips",
                        "Text": "<size=20>所谓『意志等级奖励』\n即是意志成长到特定阶段下所给予的回应\n那么请点击<color=red>『奖励』</color>查看吧</size>",
                        "Position": "0,-300"
                    }
                },
                {
                    "Data": {
                        "DoType": "Highlight",
                        "Panel": "MainPanel",
                        "Objects": "[\"LeftButtons/BtnLevelAward\"]",
                        "Order": "1"
                    }
                }
            ]
        },
        {
            "IsClickToNext": false,
            "IsAutoToNext": true,
            "DoData": [
                {
                    "Data": {
                        "DoType": "ClearTips"
                    }
                },
                {
                    "Data": {
                        "DoType": "ClearHighlight"
                    }
                },
                {
                    "Data": {
                        "DoType": "HideMask"
                    }
                },
                {
                    "Data": {
                        "DoType": "SetMaskAlpha",
                        "Alpha": "0"
                    }
                },
                {
                    "Data": {
                        "DoType": "Await",
                        "WaitTime": "0.5"
                    }
                }
            ]
        },
        {
            "IsClickToNext": false,
            "IsAutoToNext": true,
            "DoData": [
                {
                    "Data": {
                        "DoType": "ShowMask"
                    }
                }
            ]
        },
        {
            "IsClickToNext": true,
            "IsAutoToNext": false,
            "DoData": [
                {
                    "Data": {
                        "DoType": "SetInteractableNames",
                        "Names": "[\"Mask\"]"
                    }
                },
                {
                    "Data": {
                        "DoType": "SetTips",
                        "Text": "<size=20><color=green>『战技碎片』</color>，<color=green>『物资』</color>，<color=green>『财富』</color>\n名为『回应』的支援真是种类齐全</size>",
                        "Position": "0,-300",
                        "ShowFrame":"True"
                    }
                }
            ]
        },
        {
            "IsClickToNext": false,
            "IsAutoToNext": true,
            "DoData": [
                {
                    "Data": {
                        "DoType": "ClearTips"
                    }
                },
                {
                    "Data": {
                        "DoType": "HideMask"
                    }
                },
                {
                    "Data": {
                        "DoType": "Await",
                        "WaitTime": "0.1"
                    }
                }
            ]
        },
        {
            "IsClickToNext": false,
            "IsAutoToNext": true,
            "DoData": [
                {
                    "Data": {
                        "DoType": "ShowMask"
                    }
                }
            ]
        },
        {
            "IsClickToNext": true,
            "IsAutoToNext": false,
            "DoData": [
                {
                    "Data": {
                        "DoType": "SetInteractableNames",
                        "Names": "[\"Mask\"]"
                    }
                },
                {
                    "Data": {
                        "DoType": "SetTips",
                        "Text": "<size=20>不过满足『意志』的期待，从而给予回应这也是理所当然的结果</size>",
                        "Position": "0,-300",
                        "ShowFrame":"True"
                    }
                }
            ]
        },
        {
            "IsClickToNext": false,
            "IsAutoToNext": true,
            "DoData": [
                {
                    "Data": {
                        "DoType": "ClearTips"
                    }
                },
                {
                    "Data": {
                        "DoType": "HideMask"
                    }
                },
                {
                    "Data": {
                        "DoType": "SetMaskAlpha",
                        "Alpha": "0.8"
                    }
                },
                {
                    "Data": {
                        "DoType": "Await",
                        "WaitTime": "0.1"
                    }
                }
            ]
        },
        {
            "IsClickToNext": true,
            "IsAutoToNext": false,
            "DoData": [
                {
                    "Data": {
                        "DoType": "ShowMask"
                    }
                },
                {
                    "Data": {
                        "DoType": "SetTips",
                        "Text": "<size=20>不过现在并非夸耀意志伟大的最佳时机\n有着更为紧迫的状况要处理吧\n那么接下来请点击<color=red>『关闭』</color>吧</size>",
                        "Position": "0,-300"
                    }
                },
                {
                    "Data": {
                        "DoType": "Highlight",
                        "Panel": "PlayerLevelAwardPanel",
                        "Objects": "[\"BtnClose\"]",
                        "Order": "1"
                    }
                }
            ]
        },
        {
            "IsClickToNext": false,
            "IsAutoToNext": true,
            "DoData": [
                {
                    "Data": {
                        "DoType": "ClearTips"
                    }
                },
                {
                    "Data": {
                        "DoType": "ClearHighlight"
                    }
                },
                {
                    "Data": {
                        "DoType": "HideMask"
                    }
                },
                {
                    "Data": {
                        "DoType": "Await",
                        "WaitTime": "1"
                    }
                }
            ]
        },
        {
            "IsClickToNext": false,
            "IsAutoToNext": false,
            "DoData": [
                {
                    "Data": {
                        "DoType": "ShowSingleEffect",
                        "EffectName": "FeatureUnlocked",
                        "OverridElements": "{\"TxtTips\":\"『活跃任务』已解锁\"}"                        
                    }
                }
            ]
        },
        {
            "IsClickToNext": false,
            "IsAutoToNext": true,
            "DoData": [
                {
                    "Data": {
                        "DoType": "HideMask"
                    }
                },
                {
                    "Data": {
                        "DoType": "Await",
                        "WaitTime":"0.5"
                    }
                }
            ]
        },
        {
            "IsClickToNext": false,
            "IsAutoToNext": true,
            "DoData": [
                {
                    "Data": {
                        "DoType": "ShowUIObject",
                        "Panel":"MainPanel",
                        "Objects":"[\"LeftButtons/BtnActive\"]"
                    }
                },
                {
                    "Data": {
                        "DoType": "Await",
                        "WaitTime":"0.5"
                    }
                }
            ]
        },
        {
            "IsClickToNext": true,
            "IsAutoToNext": false,
            "DoData": [
                {
                    "Data": {
                        "DoType": "ShowMask"
                    }
                },
                {
                    "Data": {
                        "DoType": "SetTips",
                        "Text": "<size=25>『活跃任务』</size><size=20>\n为了取回力量所必须去履行的途径之一，也是灵所特意挑选的产物\n那么究竟会是怎样的试炼，请点击<color=red>『任务』</color>查看吧</size>",
                        "Position": "0,-300"
                    }
                },
                {
                    "Data": {
                        "DoType": "Highlight",
                        "Panel": "MainPanel",
                        "Objects": "[\"LeftButtons/BtnActive\"]",
                        "Order": "1"
                    }
                }
            ]
        },
        {
            "IsClickToNext": false,
            "IsAutoToNext": true,
            "DoData": [
                {
                    "Data": {
                        "DoType": "ClearTips"
                    }
                },
                {
                    "Data": {
                        "DoType": "ClearHighlight"
                    }
                },
                {
                    "Data": {
                        "DoType": "HideMask"
                    }
                },
                {
                    "Data": {
                        "DoType": "SetMaskAlpha",
                        "Alpha": "0"
                    }
                },
                {
                    "Data": {
                        "DoType": "Await",
                        "WaitTime": "0.5"
                    }
                }
            ]
        },
        {
            "IsClickToNext": false,
            "IsAutoToNext": true,
            "DoData": [
                {
                    "Data": {
                        "DoType": "ShowMask"
                    }
                }
            ]
        },
        {
            "IsClickToNext": true,
            "IsAutoToNext": false,
            "DoData": [
                {
                    "Data": {
                        "DoType": "SetInteractableNames",
                        "Names": "[\"Mask\"]"
                    }
                },
                {
                    "Data": {
                        "DoType": "SetTips",
                        "Text": "<size=20><color=red>『为了探究境域所存在的任务』</color>\n<color=green>『为了寻求真相所必须的任务』</color>\n<color=blue>『为了某种特定含义所孕育出来的任务』</color></size>",
                        "Position": "0,-300",
                        "ShowFrame":"True"
                    }
                }
            ]
        },
        {
            "IsClickToNext": false,
            "IsAutoToNext": true,
            "DoData": [
                {
                    "Data": {
                        "DoType": "ClearTips"
                    }
                },
                {
                    "Data": {
                        "DoType": "HideMask"
                    }
                },
                {
                    "Data": {
                        "DoType": "Await",
                        "WaitTime": "0.1"
                    }
                }
            ]
        },
        {
            "IsClickToNext": false,
            "IsAutoToNext": true,
            "DoData": [
                {
                    "Data": {
                        "DoType": "ShowMask"
                    }
                }
            ]
        },
        {
            "IsClickToNext": true,
            "IsAutoToNext": false,
            "DoData": [
                {
                    "Data": {
                        "DoType": "SetInteractableNames",
                        "Names": "[\"Mask\"]"
                    }
                },
                {
                    "Data": {
                        "DoType": "SetTips",
                        "Text": "<size=20>虽然其中混杂着意义不明，甚至可以作为恶趣味被对待的条目\n不过依然有着攻克它们的价值</size>",
                        "Position": "0,-300",
                        "ShowFrame":"True"
                    }
                }
            ]
        },
        {
            "IsClickToNext": false,
            "IsAutoToNext": true,
            "DoData": [
                {
                    "Data": {
                        "DoType": "ClearTips"
                    }
                },
                {
                    "Data": {
                        "DoType": "HideMask"
                    }
                },
                {
                    "Data": {
                        "DoType": "SetMaskAlpha",
                        "Alpha": "0.8"
                    }
                },
                {
                    "Data": {
                        "DoType": "Await",
                        "WaitTime": "0.1"
                    }
                }
            ]
        },
        {
            "IsClickToNext": true,
            "IsAutoToNext": false,
            "DoData": [
                {
                    "Data": {
                        "DoType": "ShowMask"
                    }
                },
                {
                    "Data": {
                        "DoType": "SetTips",
                        "Text": "<size=20>不断探索，不断追求，在过程中解决才是正确的判断\n那么请暂时的<color=red>『关闭』</color>任务吧，请在有需要的时候开启</size>",
                        "Position": "0,-300"
                    }
                },
                {
                    "Data": {
                        "DoType": "Highlight",
                        "Panel": "ActivePanel",
                        "Objects": "[\"BtnClose\"]",
                        "Order": "1"
                    }
                }
            ]
        },
        {
            "IsClickToNext": false,
            "IsAutoToNext": true,
            "DoData": [
                {
                    "Data": {
                        "DoType": "ClearTips"
                    }
                },
                {
                    "Data": {
                        "DoType": "ClearHighlight"
                    }
                },
                {
                    "Data": {
                        "DoType": "HideMask"
                    }
                },
                {
                    "Data": {
                        "DoType": "Await",
                        "WaitTime": "1"
                    }
                }
            ]
        },
        {
            "IsClickToNext": false,
            "IsAutoToNext": true,
            "DoData": [
                {
                    "Data": {
                        "DoType": "SetMaskAlpha",
                        "Alpha": "0.0",
                        "Summary": "将遮罩透明度设置为0.0"
                    }
                },
                {
                    "Data": {
                        "DoType": "ShowMask",
                        "Summary": "显示遮罩"
                    }
                },
                {
                    "Data": {
                        "DoType": "SetTips",
                        "Text":"<size=20>『迷域』探索暂告一段落\n请再次拜访冒险商人卡莱尔，满足其所希冀的野望吧</size>",
                        "Position":"0,250",
                        "ShowFrame":"True"
                    }
                },
                {
                    "Data": {
                        "DoType": "Await",
                        "WaitTime":"2"
                    }
                }
            ]
        },
        {
            "IsClickToNext": false,
            "IsAutoToNext": true,
            "DoData": [
                {
                    "Data": {
                        "DoType": "ClearTips"
                    }
                },
                {
                    "Data": {
                        "DoType": "HideMask"
                    }
                },
                {
                    "Data": {
                        "DoType": "SetMaskAlpha",
                        "Alpha": "0.8"
                    }
                },
                {
                    "Data": {
                        "DoType": "SetMapActive",
                        "Active":"True"
                    }
                },
                {
                    "Data": {
                        "DoType": "WaitMoveTo",
                        "PassingNodes":"[{\"MapId\":1001,\"NodeId\":10837}]",
                        "ArrivalNodes":"[{\"MapId\":1001,\"NodeId\":10837}]"
                    }
                }
            ]
        },
        {
            "IsClickToNext": false,
            "IsAutoToNext": false,
            "DoData": [
                {
                    "Data": {
                        "DoType": "PlayAVG",
                        "Name":"PQAVG_2",
                        "AVG配置备注": "此处应配置AVG-PQAVG_2"
                    }
                }
            ]
        },
        {
            "IsClickToNext": false,
            "IsAutoToNext": false,
            "DoData": [
                {
                    "Data": {
                        "DoType": "ShowSingleEffect",
                        "EffectName": "FeatureUnlocked",
                        "OverridElements": "{\"TxtTips\":\"功能·『迷域商店』 已开放\"}"                        
                    }
                }
            ]
        },
        {
            "IsClickToNext": false,
            "IsAutoToNext": true,
            "DoData": [
                {
                    "Data": {
                        "DoType": "EnableNodeEvent",
                        "NodeIds":"[10838]"
                    }
                },
                {
                    "Data": {
                        "DoType": "SetMaskAlpha",
                        "Alpha": "0.0",
                        "Summary": "将遮罩透明度设置为0.0"
                    }
                },
                {
                    "Data": {
                        "DoType": "ShowMask",
                        "Summary": "显示遮罩"
                    }
                },
                {
                    "Data": {
                        "DoType": "SetMapActive",
                        "Active":"False"
                    }
                },
                {
                    "Data": {
                        "DoType": "SetTips",
                        "Text":"<size=20>迷域商店已解锁，请再次点击卡莱尔</size>",
                        "Position":"0,250",
                        "ShowFrame":"True"
                    }
                },
                {
                    "Data": {
                        "DoType": "Await",
                        "WaitTime":"2"
                    }
                }
            ]
        },
        {
            "IsClickToNext": false,
            "IsAutoToNext": true,
            "DoData": [
                {
                    "Data": {
                        "DoType": "ClearTips"
                    }
                },
                {
                    "Data": {
                        "DoType": "HideMask"
                    }
                },
                {
                    "Data": {
                        "DoType": "SetMaskAlpha",
                        "Alpha": "0.8"
                    }
                },
                {
                    "Data": {
                        "DoType": "SetMapActive",
                        "Active":"True"
                    }
                },
                {
                    "Data": {
                        "DoType": "WaitPanelOpen",
                        "PanelName":"StorePanel"
                    }
                }
            ]
        },
        {
            "IsClickToNext": false,
            "IsAutoToNext": true,
            "DoData": [
                {
                    "Data": {
                        "DoType": "ShowMask",
                        "Summary": "显示遮罩"
                    }
                },
                {
                    "Data": {
                        "DoType": "SetTips",
                        "Text":"<size=20>迷域商店内可以购买到很多游戏内的物品，相关功能请自行尝试，点击关闭可退出商店</size>",
                        "Position":"0,0",
                        "ShowFrame":"False"
                    }
                },
                {
                    "Data": {
                        "DoType": "Await",
                        "WaitTime":"2"
                    }
                }
            ]
        },
        {
            "IsClickToNext": false,
            "IsAutoToNext": true,
            "DoData": [
                {
                    "Data": {
                        "DoType": "ClearTips"
                    }
                },
                {
                    "Data": {
                        "DoType": "HideMask"
                    }
                },
                {
                    "Data": {
                        "DoType": "WaitPanelClose",
                        "PanelName":"StorePanel"
                    }
                }
            ]
        },
        {
            "IsClickToNext": false,
            "IsAutoToNext": true,
            "DoData": [
                {
                    "Data": {
                        "DoType": "SetMaskAlpha",
                        "Alpha": "0.0",
                        "Summary": "将遮罩透明度设置为0.0"
                    }
                },
                {
                    "Data": {
                        "DoType": "ShowMask",
                        "Summary": "显示遮罩"
                    }
                },
                {
                    "Data": {
                        "DoType": "SetMapActive",
                        "Active":"False"
                    }
                },
                {
                    "Data": {
                        "DoType": "SetTips",
                        "Text":"<size=20>满足了莱真的希冀，同时听从灵的建议继续在此区域中进行线索的探寻吧\n<size=15><color=red>(也许朝着上方区域进行探索会有意想不到的收获)</color></size></size>",
                        "Position":"0,250",
                        "ShowFrame":"True"
                    }
                },
                {
                    "Data": {
                        "DoType": "Await",
                        "WaitTime":"2"
                    }
                }
            ]
        },
        {
            "IsClickToNext": false,
            "IsAutoToNext": true,
            "DoData": [
                {
                    "Data": {
                        "DoType": "ClearTips"
                    }
                },
                {
                    "Data": {
                        "DoType": "HideMask"
                    }
                },
                {
                    "Data": {
                        "DoType": "SetMaskAlpha",
                        "Alpha": "0.8"
                    }
                },
                {
                    "Data": {
                        "DoType": "SetMapActive",
                        "Active":"True"
                    }
                },
                {
                    "Data": {
                        "DoType": "ShowNodeElement",
                        "NodeIds":"[8052]"
                    }
                },
                {
                    "Data": {
                        "DoType": "SetCanWalk",
                        "NodeIds":"[7829,7828,8053,8051,8052,8287,8285]",
                        "CanWalk":"False"
                    }
                },
                {
                    "Data": {
                        "DoType": "WaitMoveTo",
                        "PassingNodes":"[{\"MapId\":1001,\"NodeId\":8286}]",
                        "ArrivalNodes":"[{\"MapId\":1001,\"NodeId\":8286}]"
                    }
                }
            ]
        },
        {
            "IsClickToNext": false,
            "IsAutoToNext": false,
            "DoData": [
                {
                    "Data": {
                        "DoType": "PlayAVG",
                        "Name":"PQAVG_1",
                        "AVG配置备注": "此处应配置AVG-PQAVG_1"
                    }
                }
            ]
        },
        {
            "IsClickToNext": false,
            "IsAutoToNext": true,
            "DoData": [
                {
                    "Data": {
                        "DoType": "HideNodeElement",
                        "NodeIds":"[9887,9886,9885]"
                    }
                },
                {
                    "Data": {
                        "DoType": "ShowNodeElement",
                        "NodeIds":"[10145,10143]"
                    }
                },
                {
                    "Data": {
                        "DoType": "EnableNodeEvent",
                        "NodeIds":"[8052,10145,10144,10143]"
                    }
                },
                {
                    "Data": {
                        "DoType": "SetCanWalk",
                        "NodeIds":"[7829,7828,8053,8051,9626,9625,9887,9886,9885,8287,8285]",
                        "CanWalk":"True"
                    }
                },
                {
                    "Data": {
                        "DoType": "SetMaskAlpha",
                        "Alpha": "0.0",
                        "Summary": "将遮罩透明度设置为0.0"
                    }
                },
                {
                    "Data": {
                        "DoType": "ShowMask",
                        "Summary": "显示遮罩"
                    }
                },
                {
                    "Data": {
                        "DoType": "SetMapActive",
                        "Active":"False"
                    }
                },
                {
                    "Data": {
                        "DoType": "SetTips",
                        "Text":"<size=20>右侧的道路通往上的禁锢已清除\n现在可以前往『战技所』所在的区域\n那么去寻找荻西所说的那个人</size>",
                        "Position":"0,250",
                        "ShowFrame":"True"
                    }
                },
                {
                    "Data": {
                        "DoType": "Await",
                        "WaitTime":"2"
                    }
                }
            ]
        },
        {
            "IsClickToNext": false,
            "IsAutoToNext": true,
            "DoData": [
                {
                    "Data": {
                        "DoType": "ClearTips"
                    }
                },
                {
                    "Data": {
                        "DoType": "HideMask"
                    }
                },
                {
                    "Data": {
                        "DoType": "SetMaskAlpha",
                        "Alpha": "0.8"
                    }
                }
            ]
        },
        {
            "IsClickToNext": false,
            "IsAutoToNext": true,
            "DoData": [
                {
                    "Data": {
                        "DoType": "Teleport",
                        "MapId":"1001",
                        "NodeId":"8286"
                    }
                },
                {
                    "Data": {
                        "DoType": "HideMask"
                    }
                },
                {
                    "Data": {
                        "DoType": "SetMaskAlpha",
                        "Alpha": "0.8"
                    }
                }
            ]
        }
        
    ]
}